date,consumer_sentiment,core_pce_inf,unemployment,cbo_unemployment,core_pce_real,interest
1990-01-01,-4.900000000000006,3.554443053817314,5.3,5.88,3.628883317719305,8.23
1990-02-01,-5.900000000000006,3.796203796203837,5.3,,3.419743290841977,8.24
1990-03-01,-3.0,4.058764940239084,5.2,,3.4197432908419843,8.28
1990-04-01,2.4000000000000057,4.132539091586031,5.4,5.87,2.5997651478026023,8.26
1990-05-01,-0.10000000000000853,4.219774780348985,5.3,,2.702570523702207,8.18
1990-06-01,-2.299999999999997,4.40631942730193,5.2,,2.600277126766243,8.29
1990-07-01,-3.799999999999997,4.432405811376524,5.5,5.86,2.4980856156837965,8.15
1990-08-01,-13.199999999999989,4.746096151481636,5.6,,1.3806634731936964,8.13
1990-09-01,-23.0,4.713516160626853,5.7,,1.787814732122186,8.2
1990-10-01,-30.000000000000007,4.63075798196443,5.7,5.84,1.3806634731936938,8.11
1990-11-01,-24.900000000000006,4.482507288629759,5.9,,1.3806634731936878,7.81
1990-12-01,-25.0,4.395205230657466,6.1,,0.6731214549361172,7.31
1991-01-01,-26.200000000000003,4.798162919990341,6.2,5.82,-2.2878527055031928,6.91
1991-02-01,-19.099999999999994,4.692011549566897,6.5,,-0.21307505819840136,6.25
1991-03-01,-3.5999999999999943,4.367073462550853,6.8,,0.4833441587433897,6.12
1991-04-01,-12.100000000000009,4.206888332737438,6.6,5.79,0.0818123139532164,5.91
1991-05-01,-12.299999999999997,4.262645452386591,6.9,,-0.018369680355049194,5.78
1991-06-01,-6.200000000000003,4.031209362808815,7.0,,-0.01836968035504632,5.9
1991-07-01,-5.299999999999997,4.020278236265019,6.8,5.77,0.1809954847888248,5.82
1991-08-01,5.599999999999994,3.8854325625073174,6.8,,0.3817590027944115,5.66
1991-09-01,10.200000000000003,3.928446159242355,6.7,,0.4821407617971972,5.45
1991-10-01,14.399999999999999,3.796878639645942,6.8,5.74,0.5830264452929735,5.21
1991-11-01,3.0999999999999943,3.929775607487516,6.8,,1.0864449960702136,4.81
1991-12-01,2.700000000000003,4.047784736720041,7.1,,2.1013691426171026,4.43
1992-01-01,0.7000000000000028,3.9095836697036392,7.1,5.71,4.576553849104805,4.03
1992-02-01,-1.6000000000000085,3.918639393242992,7.3,,3.9553069945556634,4.06
1992-03-01,-11.700000000000003,3.989453169781074,7.3,,2.720194436204507,3.98
1992-04-01,-4.599999999999994,4.037053979871965,7.2,5.68,3.0292822830536754,3.73
1992-05-01,0.9000000000000057,3.780890559161866,7.5,,3.95840406716938,3.82
1992-06-01,-1.6999999999999886,3.6818181818182305,7.8,,4.165698990533615,3.76
1992-07-01,-6.300000000000011,3.8648985605803463,7.7,5.64,3.854756605487246,3.25
1992-08-01,-5.900000000000006,3.141242937853155,7.6,,4.270175631909189,3.3
1992-09-01,-7.400000000000006,3.3187085161435776,7.5,,4.6868396703983315,3.22
1992-10-01,-5.0,3.4560143626571147,7.4,5.61,5.421852586840459,3.1
1992-11-01,16.200000000000003,3.322519297460582,7.2,,5.001845206016401,3.09
1992-12-01,22.799999999999997,3.087727120722331,7.3,,5.31497198098464,2.92
1993-01-01,21.799999999999997,2.9300776914539077,7.1,5.58,4.068640951623873,3.02
1993-02-01,17.799999999999997,2.7866858343469687,7.0,,3.1357547279539366,3.03
1993-03-01,9.900000000000006,2.6678425752397437,7.0,,3.1357547279539335,3.07
1993-04-01,8.399999999999991,2.6712102891062677,7.0,5.54,4.167112275233469,2.96
1993-05-01,1.0999999999999943,2.809173707889791,6.9,,3.8567832416429164,3.0
1993-06-01,1.0999999999999943,2.7181060938184594,7.0,,3.650103075987904,3.04
1993-07-01,0.4000000000000057,2.4334351811435626,6.8,5.51,3.9604327259160033,3.06
1993-08-01,1.2000000000000028,3.0127081507448943,6.7,,3.5462477349761055,3.03
1993-09-01,2.3000000000000114,2.5261324041811206,6.7,,3.5462477349761046,3.09
1993-10-01,9.400000000000006,2.3752711496745618,6.8,5.48,3.4431140220926424,2.99
1993-11-01,-4.099999999999994,2.457773928107339,6.4,,3.856886478181012,3.02
1993-12-01,-2.799999999999997,2.3680795847750287,6.4,,3.1363728950816414,2.96
1994-01-01,5.0,2.070304075911116,6.7,5.44,3.2393034069529665,3.05
1994-02-01,6.6000000000000085,2.087143625605132,6.5,,4.691916721221646,3.25
1994-03-01,5.599999999999994,2.1904864168366673,6.5,,5.111523601867824,3.34
1994-04-01,7.0,2.0235546038543686,6.4,5.41,4.48709870918347,3.56
1994-05-01,12.5,1.9532500800512083,6.0,,3.7586030010517137,4.01
1994-06-01,9.700000000000003,2.187366623986317,6.0,,3.862051259278098,4.25
1994-07-01,12.0,2.3649728347714776,6.1,5.38,3.6553606100058973,4.26
1994-08-01,14.400000000000006,2.371583537168988,6.1,,4.380948134275928,4.47
1994-09-01,13.599999999999994,2.410790144435006,5.9,,4.069363214472134,4.73
1994-10-01,10.0,2.3519440618709466,5.8,5.35,4.484395570262651,4.76
1994-11-01,10.399999999999991,2.219169396597292,5.6,,4.2762593241067455,5.29
1994-12-01,6.8999999999999915,2.218231752403076,5.4,,4.276259324106745,5.45
1995-01-01,3.299999999999997,2.6199028100570474,5.7,5.33,3.860401859205026,5.53
1995-02-01,1.8999999999999915,2.6030140162293183,5.4,,2.7281279043474873,5.92
1995-03-01,-1.2000000000000028,2.542818114952188,5.5,,3.343266394792688,5.98
1995-04-01,-0.09999999999999432,2.6340644348829785,5.8,5.3,2.622745613155688,6.05
1995-05-01,-3.0,2.564907872696817,5.7,,3.6520610154942466,6.01
1995-06-01,1.5,2.3807037694476243,5.6,,4.168256538479775,6.0
1995-07-01,5.400000000000006,2.258299510875204,5.7,5.27,3.441259733126494,5.85
1995-08-01,4.5,2.3062538956991343,5.6,,3.2358153245204795,5.74
1995-09-01,-2.5999999999999943,2.2607072487814834,5.6,,3.5449045919591553,5.8
1995-10-01,-2.5,2.2668460821860936,5.5,5.25,2.5166533050479574,5.76
1995-11-01,-3.3999999999999915,2.2433578000620114,5.6,,3.0282134512807257,5.8
1995-12-01,-4.099999999999994,2.31476697323552,5.6,,3.5423262928539705,5.6
1996-01-01,-8.299999999999997,2.079472925674272,5.8,5.23,3.1277424037935027,5.56
1996-02-01,-6.599999999999994,2.0336894001643238,5.5,,4.161086516055975,5.22
1996-03-01,3.4000000000000057,2.0084025002561576,5.6,,3.8510832823772216,5.31
1996-04-01,0.20000000000000284,1.8916155419222938,5.4,5.21,4.684391874412332,5.22
1996-05-01,-0.3999999999999915,1.86791875063794,5.6,,4.060651704356259,5.24
1996-06-01,-0.29999999999999716,1.856195818459984,5.3,,3.235592027810314,5.27
1996-07-01,0.29999999999999716,1.8216975371463593,5.4,5.19,4.06479357020236,5.4
1996-08-01,-0.9000000000000057,1.6551584077985668,5.1,,3.8576994536447526,5.22
1996-09-01,5.799999999999997,1.7341040462428081,5.2,,3.6510174646822655,5.3
1996-10-01,6.299999999999997,1.791497975708539,5.2,5.17,4.170831995598422,5.24
1996-11-01,11.0,1.860465116279085,5.4,,3.653598470297544,5.31
1996-12-01,5.900000000000006,1.8482981517018755,5.3,,3.4477323362949686,5.29
1997-01-01,8.100000000000009,1.9060104881000712,5.4,5.15,4.487408038167261,5.25
1997-02-01,11.200000000000003,1.9931548218240618,5.3,,3.96911732369221,5.19
1997-03-01,6.299999999999997,1.9989954796584992,5.2,,3.7622136076251587,5.39
1997-04-01,8.700000000000003,2.1274460612142807,4.9,5.13,3.0394917218009114,5.51
1997-05-01,13.799999999999997,2.074148296593252,4.8,,3.142428276967551,5.5
1997-06-01,12.099999999999994,2.1227595874637584,5.0,,3.657625221407967,5.56
1997-07-01,12.399999999999991,2.0689655172414323,4.8,5.11,4.173848454582308,5.52
1997-08-01,9.100000000000009,1.9678353810808455,4.9,,4.797022024599741,5.54
1997-09-01,11.299999999999997,1.9039074960127902,4.9,,4.3790877393570815,5.54
1997-10-01,9.099999999999994,1.8196281197176363,4.7,5.1,4.587429231850812,5.5
1997-11-01,8.0,1.6875124081794914,4.6,,5.004943919403109,5.56
1997-12-01,5.199999999999989,1.6858389527965285,4.7,,5.109426450666209,5.5
1998-01-01,9.199999999999989,1.5734784760020049,4.7,5.09,4.795666968723938,5.56
1998-02-01,10.700000000000003,1.4508487958942278,4.6,,5.004631409339534,5.51
1998-03-01,6.5,1.3295253102225724,4.7,,5.109321969069695,5.49
1998-04-01,7.299999999999997,1.346172742458486,4.3,5.07,6.057201626105381,5.45
1998-05-01,3.299999999999997,1.3743005791695078,4.3,,6.586429179129855,5.49
1998-06-01,1.0999999999999943,1.2550250024511922,4.5,,6.586429179129857,5.56
1998-07-01,-1.8999999999999915,1.3709361535448272,4.5,5.06,5.84697922446791,5.54
1998-08-01,0.0,1.6065830721003045,4.5,,5.427367810297578,5.55
1998-09-01,-5.099999999999994,1.5259708500440172,4.6,,6.377163916696657,5.51
1998-10-01,-8.199999999999989,1.5332031249999996,4.6,5.05,6.589070617725937,5.07
1998-11-01,-4.5,1.5716516985552658,4.4,,6.3771639166966585,4.83
1998-12-01,-1.5999999999999943,1.7261556465769436,4.3,,6.482906624367317,4.68
1999-01-01,-2.6999999999999886,1.890101325019493,4.3,5.04,5.9515547949044025,4.63
1999-02-01,-2.3000000000000114,1.7608716801245259,4.4,,6.056979227536162,4.76
1999-03-01,-0.7999999999999972,1.6328117406939626,4.2,,5.951344786074459,4.81
1999-04-01,-4.1000000000000085,1.687027341477612,4.3,5.03,5.846129945174704,4.74
1999-05-01,0.29999999999999716,1.5880701074852364,4.2,,5.635909230288562,4.74
1999-06-01,1.7000000000000028,1.6364868790548988,4.3,,5.425897482315806,4.76
1999-07-01,0.7999999999999972,1.5552550231839277,4.3,5.03,5.320682015766584,4.99
1999-08-01,0.09999999999999432,1.3979946008484312,4.2,,5.530275412812886,5.07
1999-09-01,6.299999999999997,1.609018209846787,4.2,,5.2161972121795115,5.22
1999-10-01,5.799999999999997,1.6062325670866406,4.1,5.02,4.9024312165169395,5.2
1999-11-01,4.5,1.5665545410859951,4.1,,5.320369189491109,5.42
1999-12-01,4.900000000000006,1.370913622854908,4.1,,5.529545692350078,5.3
2000-01-01,8.099999999999994,1.3673742589404805,4.0,5.01,6.058781127116136,5.45
2000-02-01,3.200000000000003,1.5965583173995628,4.1,,6.4804860222537854,5.73
2000-03-01,1.3999999999999915,1.8456536291478742,4.1,,6.905134022342531,5.85
2000-04-01,4.6000000000000085,1.7067124332569956,3.9,5.01,5.948726262699294,6.02
2000-05-01,3.9000000000000057,1.7348203221808824,4.1,,5.843304644527449,6.27
2000-06-01,-0.8999999999999915,1.6768292682926573,4.0,,5.5270397900119255,6.53
2000-07-01,2.299999999999997,1.6836458367233789,4.0,5.01,5.632461408183783,6.54
2000-08-01,2.799999999999997,1.7876514595954471,4.1,,5.422665059806062,6.5
2000-09-01,-0.4000000000000057,1.74489537256333,3.9,,5.842257756561513,6.52
2000-10-01,2.5999999999999943,1.7609783521662767,3.9,5.0,5.5256807144182645,6.51
2000-11-01,0.3999999999999915,1.959643346177399,4.0,,4.688175311922886,6.51
2000-12-01,-7.0,2.053484432873715,4.0,,3.961894611047321,6.4
2001-01-01,-17.299999999999997,2.1154233063761736,4.2,5.0,4.169403382726047,5.98
2001-02-01,-20.700000000000003,2.111320423717031,4.2,,3.3442991975163348,5.49
2001-03-01,-15.599999999999994,2.041608015516831,4.3,,2.4206659375584048,5.31
2001-04-01,-20.799999999999997,2.067282934183336,4.5,5.0,2.8315813475385623,4.8
2001-05-01,-18.700000000000003,1.944000203335652,4.4,,2.8315813475385743,4.21
2001-06-01,-13.800000000000011,2.1695957682891422,4.5,,2.934310200033635,3.97
2001-07-01,-15.899999999999991,2.2227256621913623,4.5,5.0,2.7288524950435376,3.77
2001-08-01,-15.799999999999997,2.1357248004129175,4.9,,2.9332880223968503,3.65
2001-09-01,-25.0,0.9810196324687327,4.9,,0.7909698375897867,3.07
2001-10-01,-23.099999999999994,1.9689441847419977,5.4,5.0,3.512326023204706,2.49
2001-11-01,-23.69999999999999,1.8807165500690548,5.7,,3.0982767191118796,2.09
2001-12-01,-9.600000000000009,1.7292773578727456,5.8,,2.5838142604336682,1.82
2002-01-01,-1.7000000000000028,1.4642598958850719,5.6,5.0,2.685989374238869,1.73
2002-02-01,0.10000000000000853,1.3125145126055933,5.5,,2.8909514288780724,1.74
2002-03-01,4.200000000000003,1.227387736252813,5.7,,2.9940485745984007,1.73
2002-04-01,4.599999999999994,1.2523480209515871,6.0,5.0,3.6113955191015057,1.75
2002-05-01,4.900000000000006,1.2994151848408655,5.8,,2.4762109068404348,1.75
2002-06-01,-0.19999999999998863,1.1676633705852153,5.9,,2.8852975771272233,1.75
2002-07-01,-4.300000000000011,1.0910504889204173,5.9,5.0,3.502609362589982,1.73
2002-08-01,-3.9000000000000057,1.2909614700633032,5.7,,2.988693725238498,1.74
2002-09-01,4.299999999999997,2.385394241459744,5.6,,3.7183707050731862,1.75
2002-10-01,-2.1000000000000085,1.3321577978260408,5.7,5.0,1.2945723633772215,1.75
2002-11-01,0.29999999999999716,1.2385603331113786,6.0,,2.0064820085013646,1.34
2002-12-01,-2.0999999999999943,1.274931290658755,6.0,,3.0296162312546255,1.24
2003-01-01,-10.599999999999994,1.2012257153703438,5.7,5.0,2.517031075875268,1.24
2003-02-01,-10.799999999999997,1.1996348453672865,5.8,,1.5980537056731972,1.26
2003-03-01,-18.10000000000001,1.216607708291269,5.8,,2.4116517333462335,1.25
2003-04-01,-7.0,1.05924755212283,6.0,5.0,2.106552472968836,1.26
2003-05-01,-4.800000000000011,1.0956867955669531,6.1,,3.237642178107459,1.26
2003-06-01,-2.700000000000003,1.175883804836517,6.4,,3.340264088821268,1.22
2003-07-01,2.8000000000000114,1.2551907566328089,6.2,5.0,3.1348162476904147,1.01
2003-08-01,1.7000000000000028,1.1166382233845147,6.1,,3.8553189560076064,1.03
2003-09-01,1.6000000000000085,1.0246844031107265,6.1,,4.064073365969432,1.01
2003-10-01,9.0,1.005268011992185,6.0,5.0,3.9603205510482358,1.01
2003-11-01,9.5,0.9219938578762257,5.9,,4.374918040783211,1.0
2003-12-01,5.8999999999999915,1.0432021205226154,5.7,,3.753021806180735,0.98
2004-01-01,21.39999999999999,1.1573678485037846,5.6,5.0,4.064280871599269,1.0
2004-02-01,14.5,1.171058061745484,5.6,,4.900978607250303,1.01
2004-03-01,18.200000000000003,1.2625443773016036,5.7,,4.796806831076298,1.0
2004-04-01,8.200000000000003,1.3286169412473146,5.6,5.0,4.2749103827143635,1.0
2004-05-01,-1.8999999999999915,1.5500138240849866,5.6,,4.482629327699855,1.0
2004-06-01,5.8999999999999915,1.497185339805659,5.6,,3.3413096428888514,1.03
2004-07-01,5.799999999999997,1.3023045592221594,5.5,5.0,3.753028007999967,1.26
2004-08-01,6.6000000000000085,1.1746733255185149,5.4,,3.033234949470747,1.43
2004-09-01,6.5,1.2017473445194073,5.4,,4.0666675969077515,1.61
2004-10-01,2.1000000000000085,1.227346712273876,5.5,5.0,4.066667596907751,1.76
2004-11-01,-0.9000000000000057,1.377384514827512,5.4,,3.446608008445548,1.93
2004-12-01,4.5,1.2184674670369178,5.4,,4.06666759690777,2.16
2005-01-01,-8.299999999999997,1.4297373804863114,5.2,5.0,3.547890589944125,2.28
2005-02-01,-0.30000000000001137,1.517201732311642,5.4,,3.7543669420676324,2.5
2005-03-01,-3.200000000000003,1.6060688362337316,5.2,,3.2386891739658887,2.63
2005-04-01,-6.5,1.5838987210184516,5.2,5.0,4.375451517222776,2.79
2005-05-01,-3.299999999999997,1.560042912024536,5.1,,3.1304163102578846,3.0
2005-06-01,0.4000000000000057,1.4895757177190772,5.0,,4.683585230593082,3.04
2005-07-01,-0.20000000000000284,1.5186062671032254,5.0,5.0,4.579732467467484,3.26
2005-08-01,-6.800000000000011,1.7232675417121626,4.9,,3.8491355340620266,3.5
2005-09-01,-17.299999999999997,1.8171082286867148,5.1,,2.8178630858588427,3.62
2005-10-01,-17.5,1.821995726301574,5.0,5.0,2.81786308585884,3.78
2005-11-01,-11.200000000000003,1.834618271729722,5.0,,3.331438825548446,4.0
2005-12-01,-5.599999999999994,1.9650966816577005,4.9,,3.023599385154564,4.16
2006-01-01,-4.299999999999997,1.8157275251002685,4.7,5.0,4.159130039700352,4.29
2006-02-01,-7.3999999999999915,1.7518796872269409,4.8,,3.6409254126371833,4.49
2006-03-01,-3.6999999999999886,1.814988610802833,4.7,,3.8480001886864117,4.59
2006-04-01,-0.29999999999999716,1.9701131386338089,4.7,5.0,3.025441771350282,4.79
2006-05-01,-7.800000000000011,1.974898175361347,4.6,,3.5436783999788144,4.94
2006-06-01,-11.099999999999994,2.178246616721137,4.6,,2.6219245863291465,4.99
2006-07-01,-11.799999999999997,2.256938162025191,4.8,5.0,2.2142903277935817,5.24
2006-08-01,-7.099999999999994,2.299314669880175,4.7,,2.727929977681984,5.25
2006-09-01,8.5,2.2766487916226543,4.6,,3.655263347590839,5.25
2006-10-01,19.39999999999999,2.3682052555539035,4.4,5.0,3.7587117142051913,5.25
2006-11-01,10.5,2.2730880690990847,4.5,,3.4492920967671994,5.25
2006-12-01,0.20000000000000284,2.270749677966762,4.5,,3.655366383812546,5.24
2007-01-01,5.700000000000003,2.3698180239091795,4.6,5.0,2.6280584910096634,5.25
2007-02-01,4.599999999999994,2.5788576249346735,4.5,,2.525430432518658,5.26
2007-03-01,-0.5,2.3010337402173953,4.4,,2.627649206628854,5.26
2007-04-01,-0.30000000000001137,2.1639119084172114,4.5,5.0,2.320380795830565,5.25
2007-05-01,9.200000000000003,2.0487337379773036,4.5,,2.934917617427119,5.25
2007-06-01,0.3999999999999915,1.9518334732513387,4.5,,2.6267292413270487,5.25
2007-07-01,5.700000000000003,1.9455074532804082,4.6,5.0,2.5244094713955176,5.26
2007-08-01,1.4000000000000057,1.7976364668985108,4.6,,2.934507109281097,5.02
2007-09-01,-2.0,1.8074958577830902,4.7,,2.320583607635287,4.94
2007-10-01,-12.699999999999989,1.756051334051874,4.7,5.01,2.116554527659946,4.76
2007-11-01,-16.0,1.948601062886628,4.7,,1.9129322853316075,4.49
2007-12-01,-16.200000000000003,2.0533727597235765,5.0,,1.102491471929364,4.24
2008-01-01,-18.5,2.103610296179175,4.9,5.03,1.2036951670964542,3.94
2008-02-01,-20.5,1.879816365324424,4.8,,1.102390166929179,2.98
2008-03-01,-18.900000000000006,2.0016523925916765,5.1,,0.5988922079305238,2.61
2008-04-01,-24.499999999999993,2.029734626581579,5.0,5.05,1.001690575129436,2.28
2008-05-01,-28.5,2.0378026853242055,5.5,,0.7001929913230942,1.98
2008-06-01,-28.9,2.1620037849342446,5.5,,0.7001929913230948,2.0
2008-07-01,-29.200000000000003,2.3079748230632617,5.7,5.08,0.19769701831249462,2.01
2008-08-01,-20.400000000000006,2.4676334948499523,6.1,,-0.10169849070636956,2.0
2008-09-01,-13.100000000000009,2.4566376816155766,6.1,,-0.80098660127142,1.81
2008-10-01,-23.300000000000004,2.2654942043750212,6.5,5.12,-1.5937859091533635,0.97
2008-11-01,-20.799999999999997,2.0256195105979944,6.7,,-1.888709627707334,0.39
2008-12-01,-15.399999999999999,1.7677745474870967,7.2,,-2.1836333462613076,0.16
2009-01-01,-17.200000000000003,1.5815363800106979,7.6,5.15,-1.890184246300096,0.15
2009-02-01,-14.5,1.7145530347277156,8.1,,-1.9884906749110098,0.22
2009-03-01,-12.200000000000003,1.7268131704922443,8.5,,-2.4790387696311678,0.18
2009-04-01,2.499999999999993,1.8475988865623083,8.9,5.17,-2.8679558632717206,0.15
2009-05-01,8.900000000000006,1.8298963060296098,9.4,,-2.9648940310728547,0.18
2009-06-01,14.399999999999999,1.7236988780092861,9.5,,-2.8677617928657235,0.21
2009-07-01,4.799999999999997,1.5478555220654608,9.4,5.19,-2.1857902106691895,0.16
2009-08-01,2.700000000000003,1.3931285197745933,9.7,,-1.3063417710048635,0.16
2009-09-01,3.200000000000003,1.3412184914106227,9.8,,-1.8032886905869163,0.15
2009-10-01,12.999999999999993,1.547334659605559,10.2,5.2,-0.9132882859698842,0.12
2009-11-01,12.100000000000009,1.560742324934364,10.0,,-0.4168618745769674,0.12
2009-12-01,12.399999999999999,1.6618761560389217,10.0,,0.2837230167576608,0.12
2010-01-01,13.200000000000003,1.5457857388372778,9.7,5.2,-0.11621207004895065,0.11
2010-02-01,17.299999999999997,1.32978852395635,9.7,,0.3847096347151014,0.13
2010-03-01,16.299999999999997,1.2250860947712272,9.7,,1.7985787844998171,0.16
2010-04-01,7.1000000000000085,1.046346703370821,9.9,5.2,2.2061807015548673,0.2
2010-05-01,4.8999999999999915,1.1138391870795465,9.7,,2.2061807015548704,0.2
2010-06-01,5.200000000000003,0.9906583123429006,9.5,,2.410593062957979,0.18
2010-07-01,1.7999999999999972,0.9976226398352954,9.5,5.2,2.104585314761878,0.18
2010-08-01,3.200000000000003,1.0238976420281445,9.6,,1.4980234218028914,0.19
2010-09-01,-5.299999999999997,0.9218509968387462,9.6,,2.9362545229215513,0.19
2010-10-01,-2.8999999999999915,0.7335970508900886,9.6,5.2,3.3471776946697522,0.19
2010-11-01,4.199999999999989,0.8102249485059061,9.8,,3.347177694669756,0.19
2010-12-01,2.0,0.7657199052953942,9.4,,3.140895902864028,0.18
2011-01-01,-0.20000000000000284,0.8841838436688373,9.0,5.2,3.5538724630356446,0.17
2011-02-01,3.9000000000000057,1.0115050131160457,8.9,,3.553872463035646,0.16
2011-03-01,-6.099999999999994,1.065294867699268,8.8,,3.0402123813737574,0.14
2011-04-01,-2.4000000000000057,1.1662651892328995,9.0,5.2,2.7320163323766358,0.1
2011-05-01,0.7000000000000028,1.2623360655493694,9.1,,2.6293869454312127,0.09
2011-06-01,-4.5,1.3371482553281966,9.2,,2.629386945431208,0.09
2011-07-01,-4.099999999999994,1.431662993967642,9.1,5.2,2.7319138055165646,0.07
2011-08-01,-13.100000000000009,1.460648347034998,9.1,,2.424945935579744,0.1
2011-09-01,-8.700000000000003,1.434049641692707,9.1,,2.6293869454312104,0.08
2011-10-01,-6.900000000000006,1.4999442277339374,9.0,5.2,2.2213178124473916,0.07
2011-11-01,-7.8999999999999915,1.499385167315267,8.6,,1.9155710991499544,0.08
2011-12-01,-4.599999999999994,1.6242861708725915,8.5,,2.1194022413482623,0.07
2012-01-01,0.7999999999999972,1.6813434370400835,8.3,5.2,2.323030162068804,0.08
2012-02-01,-2.200000000000003,1.6565776581108553,8.3,,2.5272677472226217,0.1
2012-03-01,8.700000000000003,1.6844483792188982,8.2,,2.220605929434323,0.13
2012-04-01,6.6000000000000085,1.6322473702040163,8.1,5.2,2.0161647175754585,0.14
2012-05-01,5.0,1.4903798346730965,8.2,,2.0161647175754585,0.16
2012-06-01,1.7000000000000028,1.5883377408035761,8.2,,1.7107270986605687,0.16
2012-07-01,8.599999999999994,1.4145578803779681,8.3,5.2,1.7107270986605738,0.16
2012-08-01,18.5,1.3775153023804436,8.1,,1.5075088626992272,0.13
2012-09-01,18.799999999999997,1.4958719147626471,7.8,,1.5075088626992212,0.14
2012-10-01,21.799999999999997,1.5588498986817698,7.9,5.2,1.1022892664409403,0.16
2012-11-01,19.0,1.5157346069071806,7.7,,1.6078007127731353,0.16
2012-12-01,3.0,1.3740022849242646,7.8,,1.7092057035044241,0.16
2013-01-01,-1.2000000000000028,1.3414329254741186,7.9,5.2,1.3043929444855058,0.14
2013-02-01,2.299999999999997,1.2653921440206624,7.7,,0.900789785344134,0.15
2013-03-01,2.3999999999999915,1.138038935980435,7.6,,0.900789785344134,0.14
2013-04-01,0.0,1.0130957792150148,7.5,5.2,1.3052017684517208,0.15
2013-05-01,5.200000000000003,1.0004929421799362,7.6,,1.6091173737570663,0.11
2013-06-01,10.899999999999991,1.0066553604478148,7.6,,1.9142498583629481,0.09
2013-07-01,12.799999999999997,1.0564738223930665,7.4,5.2,1.9142498583629406,0.09
2013-08-01,7.799999999999997,1.101795910673555,7.3,,2.0162661244874296,0.08
2013-09-01,-0.7999999999999972,1.0465559169926684,7.2,,1.9146562976702013,0.08
2013-10-01,-9.399999999999991,0.986020858059262,7.3,5.2,2.5273696621852415,0.09
2013-11-01,-7.6000000000000085,1.0488059399620835,7.0,,2.323335095693336,0.08
2013-12-01,9.599999999999994,1.1286153567926869,6.7,,2.0172832459554835,0.09
2014-01-01,7.400000000000006,1.074908664347958,6.6,5.2,1.3038756708089538,0.07
2014-02-01,4.0,1.1093828350008688,6.7,,2.013002800504601,0.07
2014-03-01,1.4000000000000057,1.2529116882150777,6.7,,2.6250808173076257,0.08
2014-04-01,7.699999999999989,1.4174689502901399,6.3,5.2,2.727501057644244,0.09
2014-05-01,-2.5999999999999943,1.4798602355821824,6.3,,2.7275010576442473,0.09
2014-06-01,-1.5999999999999943,1.4075390627001505,6.1,,3.035068426080299,0.1
2014-07-01,-3.299999999999997,1.4242137929647483,6.2,5.2,3.1378978356871596,0.09
2014-08-01,0.4000000000000057,1.3464643809092118,6.1,,3.7567252227012777,0.09
2014-09-01,7.099999999999994,1.4075286001744065,5.9,,3.549832450572256,0.09
2014-10-01,13.700000000000003,1.5142928526281154,5.8,5.2,3.6529697338895595,0.09
2014-11-01,13.700000000000003,1.4196658051006081,5.8,,3.6529697338895586,0.09
2014-12-01,11.099999999999994,1.3356864570432645,5.6,,3.9639286430912226,0.12
2015-01-01,16.89999999999999,1.3014882299465735,5.7,5.2,4.486886030631919,0.11
2015-02-01,13.800000000000011,1.345965824463476,5.5,,3.656801533864247,0.11
2015-03-01,13.0,1.3190428564699819,5.5,,3.5537629637510464,0.11
2015-04-01,11.800000000000011,1.2577672218866127,5.4,5.2,3.657006994622201,0.12
2015-05-01,8.799999999999997,1.2227685383875175,5.5,,3.863700926814862,0.12
2015-06-01,13.599999999999994,1.2268712198997485,5.3,,3.3469660963331997,0.13
2015-07-01,11.299999999999997,1.204035003067886,5.3,5.2,3.450003948871931,0.13
2015-08-01,9.400000000000006,1.2369460731089927,5.1,,3.0386719252183716,0.14
2015-09-01,2.6000000000000085,1.2635687899190589,5.1,,3.1416076614074107,0.14
2015-10-01,3.0999999999999943,1.1307381930794609,5.0,5.2,2.9363507307379333,0.12
2015-11-01,2.5,1.2374047286385796,5.0,,2.9363507307379337,0.12
2015-12-01,-1.0,1.2712862436299979,5.0,,2.936350730737925,0.24
2016-01-01,-6.099999999999994,1.4723852783189397,4.9,5.2,2.8333113406170574,0.34
2016-02-01,-3.700000000000003,1.4880772265552564,4.9,,3.2450563309698697,0.38
2016-03-01,-2.0,1.3906424250741065,5.0,,2.7313993342983953,0.36
2016-04-01,-6.900000000000006,1.4506041928412827,5.0,5.2,2.936043556079862,0.37
2016-05-01,4.0,1.4817778339978667,4.7,,2.5263478603342717,0.37
2016-06-01,-2.5999999999999943,1.400781695427941,4.9,,2.83392690391526,0.38
2016-07-01,-3.0999999999999943,1.4195956924905486,4.9,5.2,2.731502673931272,0.39
2016-08-01,-2.1000000000000085,1.4886201476975602,4.9,,2.4239233246081273,0.4
2016-09-01,4.0,1.4532187914773431,5.0,,2.628362293319923,0.4
2016-10-01,-2.799999999999997,1.5195219968494802,4.9,5.2,2.5260408952209135,0.4
2016-11-01,2.5,1.40864694118571,4.6,,2.4238215124739435,0.41
2016-12-01,5.6000000000000085,1.4785363875203403,4.7,,2.321704043368801,0.54
2017-01-01,6.5,1.5191142081536109,4.8,5.2,2.5267575584857775,0.65
2017-02-01,4.599999999999994,1.5614488048125492,4.7,,2.117877169419045,0.66
2017-03-01,5.900000000000006,1.3685773437376496,4.5,,2.322112923757884,0.79
2017-04-01,8.0,1.3477546169711745,4.4,5.2,2.0169773981403156,0.9
2017-05-01,2.3999999999999915,1.2517004599436232,4.3,,1.9150623358045213,0.91
2017-06-01,1.5999999999999943,1.2955001217272955,4.4,,1.7118418725227627,1.04
2017-07-01,3.4000000000000057,1.2941096163712358,4.3,5.2,1.6104342535072855,1.15
2017-08-01,7.0,1.2163387911039047,4.4,,1.7121463999071886,1.16
2017-09-01,3.8999999999999915,1.234448600430942,4.2,,1.9147602373572041,1.15
2017-10-01,13.5,1.3309362151292725,4.1,5.2,1.8130488997949656,1.15
2017-11-01,4.700000000000003,1.4057834498696207,4.1,,2.016268558277579,1.16
2017-12-01,-2.299999999999997,1.4717114192212226,4.1,,2.0162685582775723,1.3
2018-01-01,-2.799999999999997,1.4437323177163968,4.1,5.2,1.8122360211610176,1.41
2018-02-01,3.4000000000000057,1.4814185064264318,4.1,,2.117978471675021,1.42
2018-03-01,4.5,1.7774768097025013,4.1,,2.2198926218463457,1.51
2018-04-01,1.7999999999999972,1.7844856181134772,3.9,5.2,2.1179784716750167,1.69
2018-05-01,0.9000000000000057,1.9320823267918448,3.8,,2.2200964501466744,1.7
2018-06-01,3.1000000000000085,1.9287429964816372,4.0,,2.4243324070900174,1.82
2018-07-01,4.5,1.9960874247229112,3.9,5.2,2.4243324070900196,1.91
2018-08-01,-0.5999999999999943,1.9312931053638032,3.9,,2.6291810719042066,1.91
2018-09-01,5.0,1.956114129453565,3.7,,2.2211127575030005,1.95
2018-10-01,-2.1000000000000085,1.849433728400367,3.7,5.2,2.527469738794231,2.19
2018-11-01,-1.0,1.9207527996231633,3.7,,2.3232317512667517,2.2
2018-12-01,2.3999999999999915,1.9311425425452873,3.9,,1.710517788684326,2.27
2019-01-01,-4.5,1.721390862254994,4.0,5.2,1.9143464816476206,2.4
2019-02-01,-5.900000000000006,1.559019394853446,3.8,,1.812635557015227,2.4
2019-03-01,-3.0,1.4505641500519446,3.8,,2.2186680019086067,2.41
2019-04-01,-1.5999999999999943,1.5413581190438839,3.6,5.2,2.0146387244596893,2.42
2019-05-01,2.0,1.5188142107065328,3.6,,2.3203769024550973,2.39
2019-06-01,0.0,1.6602378400931563,3.7,,2.218362568554361,2.38
2019-07-01,0.5,1.6833531256825587,3.7,5.2,2.3203769024551035,2.4
2019-08-01,-6.400000000000006,1.7881582994343037,3.7,,2.218260757841852,2.13
2019-09-01,-6.8999999999999915,1.6821959251841836,3.5,,2.218260757841855,2.04
2019-10-01,-3.0999999999999943,1.660646632486278,3.6,5.2,1.811016691077538,1.83
2019-11-01,-0.7000000000000028,1.6501691877636393,3.5,,1.9126244921664397,1.55
2019-12-01,1.0,1.6935504559629868,3.5,,2.526555965010809,1.55
2020-01-01,8.599999999999994,1.7558466695587966,3.6,5.2,2.7316090769408254,1.55
2020-02-01,7.200000000000003,1.8467753057442473,3.5,,2.62898009684399,1.58
2020-03-01,-9.300000000000011,1.7180060791083007,4.4,,-7.766408155269301,0.65
2020-04-01,-25.400000000000006,1.068400208373049,14.7,5.2,-19.75677509508429,0.05
2020-05-01,-27.700000000000003,0.9724485055441809,13.3,,-13.123122040195854,0.05
2020-06-01,-20.10000000000001,0.927477383286577,11.1,,-8.181024192183044,0.08
2020-07-01,-25.900000000000006,1.0998011907829564,10.2,5.2,-7.082492078829304,0.09
2020-08-01,-15.700000000000003,1.2948794965815238,8.4,,-6.339894612925831,0.1
2020-09-01,-12.799999999999997,1.425722217989385,7.9,,-5.218216704098607,0.09
2020-10-01,-13.700000000000003,1.3292204503504779,6.9,5.2,-4.74430778761911,0.09
2020-11-01,-19.89999999999999,1.201908489641728,6.7,,-5.314132466855685,0.09
2020-12-01,-18.599999999999994,1.2780701859032935,6.7,,-6.164604330925846,0.09
2021-01-01,-20.799999999999997,1.4050885161636628,6.3,5.2,-4.478938540463428,0.09
2021-02-01,-24.200000000000003,1.3317987306628645,6.2,,-5.720712339437407,0.08
2021-03-01,-4.199999999999989,1.776993828787549,6.0,,8.238872794833739,0.07
2021-04-01,16.5,2.857558473732588,6.1,5.2,24.412497465326137,0.07
2021-05-01,10.600000000000009,3.2539403762844774,5.8,,13.882644873964601,0.06
2021-06-01,7.400000000000006,3.507938534758039,5.9,,7.968059918281829,0.08
2021-07-01,8.700000000000003,3.495746028238597,5.4,5.2,6.372472825893444,0.1
2021-08-01,-3.799999999999997,3.4969650620104433,5.2,,5.739930866571966,0.09
2021-09-01,-7.6000000000000085,3.530673136008401,4.8,,4.69713075940656,0.08
2021-10-01,-10.099999999999994,3.9853073357878768,4.6,5.2,5.009659507942119,0.08
2021-11-01,-9.5,4.452533329768632,4.2,,5.325636417193701,0.08
2021-12-01,-10.100000000000009,4.65346616192601,3.9,,5.007432077564721,0.08
2022-01-01,-11.799999999999997,4.930397433106322,4.0,5.34,4.595638226280149,0.08
2022-02-01,-14.0,5.211713451015383,3.8,,5.867317718392979,0.08
2022-03-01,-25.500000000000007,5.142667912703948,3.6,,2.3010461879370085,0.2
2022-04-01,-23.099999999999994,4.808779508025043,3.6,5.33,3.1194545574405046,0.33
2022-05-01,-24.500000000000007,4.670192245448317,3.6,,3.326729842983088,0.77
2022-06-01,-35.5,4.821436029326599,3.6,,3.120899703853644,1.21
2022-07-01,-29.700000000000003,4.557178608365538,3.5,5.31,3.5333833026690527,1.68
2022-08-01,-12.099999999999994,4.794000972503477,3.7,,3.223712166170556,2.33
2022-09-01,-14.199999999999996,5.044890824376894,3.5,,3.1208997038536475,2.56
2022-10-01,-11.800000000000004,4.8295083177020945,3.7,5.3,2.8139922642588258,3.08
2022-11-01,-10.600000000000009,4.523184002436363,3.7,,2.8139922642588258,3.78
2022-12-01,-10.899999999999991,4.3134877055886545,3.5,,3.4371073688906955,4.1
2023-01-01,-2.299999999999997,4.36954602287829,3.4,5.29,3.335299192346504,4.33
2023-02-01,4.200000000000003,4.313407167584891,3.6,,3.231860454416227,4.57
2023-03-01,2.6000000000000014,4.30093906403384,3.5,,2.6149369855651377,4.65
2023-04-01,-1.7000000000000028,4.338269091423846,3.4,5.28,2.4113359201175886,4.83
2023-05-01,0.8000000000000043,4.303569302247678,3.7,,2.7194944033275767,5.06
2023-06-01,14.400000000000006,3.8584136730585947,3.6,,2.924523334272348,5.08
2023-07-01,20.099999999999994,3.9946888153923537,3.5,5.26,3.1295522652171175,5.12
2023-08-01,11.299999999999997,3.5632869709079134,3.8,,3.2326818174823253,5.33
2023-09-01,9.300000000000004,3.4062362309692547,3.8,,3.4385296376567687,5.33
2023-10-01,3.8999999999999986,3.3487909984278996,3.9,5.25,3.0268339973078886,5.33
2023-11-01,4.5,3.2355390300893663,3.7,,3.4389413332971213,5.33
2023-12-01,10.0,3.1069316165568512,3.7,,4.477484920980835,5.33
2024-01-01,14.099999999999994,2.9475326480134574,3.7,5.24,2.7276157154077616,5.33
2024-02-01,9.900000000000006,2.908156770172804,3.9,,3.55108357685392,5.33
2024-03-01,17.400000000000006,2.9452932714020013,3.8,,4.173635181524384,5.33
2024-04-01,13.700000000000003,2.810838523769601,3.9,5.23,3.552321254000381,5.33
2024-05-01,9.899999999999991,2.5731918838081684,4.0,,3.8629782177623735,5.33
2024-06-01,3.799999999999997,2.589902332517502,4.1,,3.656079854778783,5.33
2024-07-01,-5.199999999999989,2.5338374598766578,4.3,5.21,3.4500041493020857,5.33
2024-08-01,-1.5999999999999943,2.5190575674312803,4.2,,3.5533508067939024,5.33
2024-09-01,2.1999999999999886,2.4733749599256396,4.1,,3.3472744867803863,5.13
2024-10-01,6.700000000000003,2.5851110569291373,4.1,5.2,3.450518517236728,4.83
2024-11-01,10.5,2.6431435645582786,4.2,,3.450518517236725,4.64
2024-12-01,4.299999999999997,2.627238560485173,4.1,,3.1420179649984306,4.48
2025-01-01,-7.299999999999997,2.493477057801559,4.0,5.17,2.728623103415279,4.33
2025-02-01,-12.200000000000003,2.5993988840067264,4.1,,2.2180434657243344,4.33
2025-03-01,-22.400000000000006,2.3040739734985407,4.2,,2.727097467047656,4.33
2025-04-01,-25.0,2.16810708157476,4.2,5.17,2.8298245645146904,4.33
2025-05-01,,0.0,4.2,,0.0,4.33
2025-06-01,,,,,,
2025-07-01,,0.0,,5.16,0.0,
2025-08-01,,,,,,
2025-09-01,,,,,,
2025-10-01,,0.0,,5.16,0.0,
2025-11-01,,,,,,
2025-12-01,,,,,,
2026-01-01,,0.0,,4.8,0.0,
2026-02-01,,,,,,
2026-03-01,,,,,,
2026-04-01,,0.0,,4.8,0.0,
2026-05-01,,,,,,
2026-06-01,,,,,,
2026-07-01,,0.0,,4.8,0.0,
2026-08-01,,,,,,
2026-09-01,,,,,,
2026-10-01,,0.0,,4.8,0.0,
2026-11-01,,,,,,
2026-12-01,,,,,,
2027-01-01,,0.0,,4.68,0.0,
2027-02-01,,,,,,
2027-03-01,,,,,,
2027-04-01,,0.0,,4.68,0.0,
2027-05-01,,,,,,
2027-06-01,,,,,,
2027-07-01,,0.0,,4.68,0.0,
2027-08-01,,,,,,
2027-09-01,,,,,,
2027-10-01,,0.0,,4.67,0.0,
2027-11-01,,,,,,
2027-12-01,,,,,,
2028-01-01,,0.0,,4.56,0.0,
2028-02-01,,,,,,
2028-03-01,,,,,,
2028-04-01,,0.0,,4.56,0.0,
2028-05-01,,,,,,
2028-06-01,,,,,,
2028-07-01,,0.0,,4.55,0.0,
2028-08-01,,,,,,
2028-09-01,,,,,,
2028-10-01,,0.0,,4.55,0.0,
2028-11-01,,,,,,
2028-12-01,,,,,,
2029-01-01,,0.0,,4.473,0.0,
2029-02-01,,,,,,
2029-03-01,,,,,,
2029-04-01,,0.0,,4.467,0.0,
2029-05-01,,,,,,
2029-06-01,,,,,,
2029-07-01,,0.0,,4.461,0.0,
2029-08-01,,,,,,
2029-09-01,,,,,,
2029-10-01,,0.0,,4.455,0.0,
2029-11-01,,,,,,
2029-12-01,,,,,,
2030-01-01,,0.0,,4.203965877,0.0,
2030-02-01,,,,,,
2030-03-01,,,,,,
2030-04-01,,0.0,,4.196964143,0.0,
2030-05-01,,,,,,
2030-06-01,,,,,,
2030-07-01,,0.0,,4.189984003999999,0.0,
2030-08-01,,,,,,
2030-09-01,,,,,,
2030-10-01,,0.0,,4.183027905,0.0,
2030-11-01,,,,,,
2030-12-01,,,,,,
2031-01-01,,0.0,,4.289281709,0.0,
2031-02-01,,,,,,
2031-03-01,,,,,,
2031-04-01,,0.0,,4.283630495,0.0,
2031-05-01,,,,,,
2031-06-01,,,,,,
2031-07-01,,0.0,,4.278029293,0.0,
2031-08-01,,,,,,
2031-09-01,,,,,,
2031-10-01,,0.0,,4.272470467,0.0,
2031-11-01,,,,,,
2031-12-01,,,,,,
2032-01-01,,0.0,,4.266938141850063,0.0,
2032-02-01,,,,,,
2032-03-01,,,,,,
2032-04-01,,0.0,,4.261411217726669,0.0,
2032-05-01,,,,,,
2032-06-01,,,,,,
2032-07-01,,0.0,,4.255867290715766,0.0,
2032-08-01,,,,,,
2032-09-01,,,,,,
2032-10-01,,0.0,,4.250286180398693,0.0,
2032-11-01,,,,,,
2032-12-01,,,,,,
2033-01-01,,0.0,,4.244651849934728,0.0,
2033-02-01,,,,,,
2033-03-01,,,,,,
2033-04-01,,0.0,,4.238952545664821,0.0,
2033-05-01,,,,,,
2033-06-01,,,,,,
2033-07-01,,0.0,,4.2331800314193035,0.0,
2033-08-01,,,,,,
2033-09-01,,,,,,
2033-10-01,,0.0,,4.227328721215732,0.0,
2033-11-01,,,,,,
2033-12-01,,,,,,
2034-01-01,,0.0,,4.221395515122017,0.0,
2034-02-01,,,,,,
2034-03-01,,,,,,
2034-04-01,,0.0,,4.215380402801851,0.0,
2034-05-01,,,,,,
2034-06-01,,,,,,
2034-07-01,,0.0,,4.209287164007473,0.0,
2034-08-01,,,,,,
2034-09-01,,,,,,
2034-10-01,,0.0,,4.203123467219889,0.0,
2034-11-01,,,,,,
2034-12-01,,,,,,
2035-01-01,,0.0,,4.1188843230000005,0.0,
2035-02-01,,,,,,
2035-03-01,,,,,,
2035-04-01,,0.0,,4.114678849,0.0,
2035-05-01,,,,,,
2035-06-01,,,,,,
2035-07-01,,0.0,,4.110514674,0.0,
2035-08-01,,,,,,
2035-09-01,,,,,,
2035-10-01,,0.0,,4.106349048,0.0,
